ID,PercDone,Age,Gender,Ethnicity,BrCitizen,AgetoUK,AffBlNeg,AffBlWarm,DivPol1,DivPol2,DivPol3,DivPol4,DivPol5,DivPol6,DivPol7,DivPol8,WhExpBlComplimented,WhExpBlBefriended,WhExpBlMadeFeelWelcome,WhExpBlSupported,WhExpBlHelped,WhExpBlRidiculed,WhExpBlMadeFeelUnwanted,WhExpBlVerbAbused,WhExpBlIntimidated,WhExpBlThreathened,DivValInstr1,DivValInstr2R,DivValInstr3,DivValInstr4,DivValInstr5,BSSlur2,BSSlur3,BSSlur4,BSSlur5,BSSlur6,BSSlur7,PrejBelLessDes,PrejBelUnequOpps,PrejBelNoLonger,PrejBelNoFav,PrejBelLackResp,WhEmpathy1,WhEmpathy2,WhAnxHallUnhappy,WhAnxHallPleased,WhAnxHallTense
115332,110,20,2,10,1,NA,NA,NA,5,5,3,4,4,4,6,6,5,5,6,6,6,2,2,2,2,1,6,3,4,5,7,5,4,5,2,3,6,5,5,2,3,4,3,6,2,4,2
777585,110,20,2,10,1,NA,2,4,6,5,5,5,4,7,6,6,3,3,5,3,3,1,1,1,3,1,7,1,6,7,7,7,3,3,3,2,2,6,6,2,1,1,5,5,2,3,2
885152,110,25,1,12,2,22,NA,NA,4,4,5,4,4,2,2,5,2,2,4,4,4,1,1,1,1,1,5,4,2,4,5,6,2,2,1,1,4,5,3,1,3,2,5,5,1,5,1
916424,110,20,2,12,1,NA,NA,NA,6,7,7,6,4,4,5,7,NA,NA,NA,NA,NA,NA,NA,NA,NA,NA,5,2,4,6,5,4,2,5,4,5,4,4,2,3,4,2,NA,NA,NA,NA,NA
447255,110,24,2,12,3,NA,1,4,6,6,6,5,4,5,5,6,3,4,4,1,4,2,1,1,1,1,6,2,6,7,6,6,5,4,2,2,6,3,4,1,2,2,6,6,3,3,3
309936,110,20,2,12,2,9,3,3,7,6,6,6,4,6,5,5,1,1,3,1,2,2,2,1,2,3,5,5,4,4,4,5,4,5,4,4,5,3,6,4,4,2,2,4,3,3,3
970054,110,25,2,5,1,NA,NA,NA,7,7,7,7,4,6,6,7,NA,NA,NA,NA,NA,NA,NA,NA,NA,NA,6,3,7,7,7,7,7,7,7,7,4,4,5,3,4,4,NA,NA,NA,NA,NA
734333,110,25,1,10,1,NA,NA,NA,4,4,5,6,4,6,6,6,4,5,5,4,6,3,3,2,2,1,7,1,6,6,4,7,7,6,7,7,6,6,7,2,2,2,7,7,1,1,1
941844,110,39,1,12,2,33,1,4,1,5,5,1,6,7,4,4,6,6,6,6,6,2,4,1,2,1,6,5,4,6,6,5,5,5,2,2,6,NA,NA,NA,NA,NA,5,7,3,3,3
688845,110,19,2,10,1,NA,NA,NA,5,5,7,6,3,7,7,7,5,3,6,6,6,5,1,1,1,1,5,4,6,6,6,7,7,6,5,5,2,6,6,1,1,1,6,6,2,5,1
71769630,100,20,2,10,1,NA,1,4,7,6,6,6,5,7,7,7,5,5,5,4,1,1,1,2,1,1,7,2,7,7,7,7,6,7,7,7,6,6,5,2,2,1,6,7,2,4,2
959992058,100,20,2,10,1,NA,1,5,4,4,4,4,4,4,4,4,6,6,6,6,6,6,6,6,6,6,4,4,4,4,4,6,6,NA,4,5,5,4,4,4,4,4,4,4,1,5,1
120076943,100,18,2,8,3,NA,4,4,4,4,5,5,2,4,4,4,NA,NA,NA,NA,NA,NA,NA,NA,NA,NA,2,2,2,2,7,5,2,2,4,4,4,3,2,7,7,6,NA,NA,NA,NA,NA
158597382,100,18,2,10,1,NA,2,4,3,3,4,3,3,6,5,5,1,6,5,3,5,5,5,6,4,5,5,5,5,5,5,6,3,1,1,1,2,4,4,4,4,4,3,6,3,3,4
275250419,100,21,2,10,1,NA,3,3,4,5,5,4,4,4,5,5,1,1,1,1,1,1,1,1,1,1,5,2,4,5,4,5,5,5,6,6,5,4,4,4,4,4,4,4,3,3,3
271873381,100,20,1,10,1,NA,1,5,5,4,7,5,4,6,5,6,6,6,6,6,6,1,1,1,2,1,6,6,6,5,5,6,5,5,7,7,5,5,1,1,2,4,7,7,1,5,1
388021302,100,20,2,10,1,NA,1,5,6,7,7,7,6,7,6,7,6,1,6,6,6,1,1,1,1,1,7,2,6,6,7,7,6,6,6,7,7,6,6,1,1,1,7,7,2,4,2
507928079,100,18,1,10,1,NA,1,5,6,7,7,7,7,7,7,7,6,7,5,6,7,1,1,1,2,1,6,1,7,7,7,7,7,7,7,7,2,6,7,1,1,1,7,7,2,4,1
285641258,100,20,2,10,1,NA,1,5,7,7,7,7,4,7,7,7,4,4,4,4,4,4,4,4,4,4,7,6,4,4,4,4,4,1,4,4,4,3,3,3,3,3,7,6,4,1,4
642101962,100,18,2,10,1,NA,2,4,5,6,7,5,4,5,6,7,5,6,5,5,6,1,3,2,5,2,7,3,7,5,3,7,2,3,5,6,7,6,4,2,2,2,6,7,2,4,2
425605008,100,33,2,10,1,NA,1,5,6,6,6,5,4,5,4,5,5,5,5,5,5,2,2,2,2,3,7,2,7,7,7,7,6,5,6,6,3,5,4,2,2,1,6,7,1,3,1
234300305,100,18,2,10,1,NA,1,5,5,6,5,5,3,6,5,6,2,3,3,3,3,1,4,1,3,1,5,2,5,6,6,6,4,5,6,6,6,5,6,2,3,2,6,6,4,3,3
457900873,100,20,1,2,1,NA,4,4,3,2,3,1,1,4,3,4,NA,NA,NA,NA,NA,NA,NA,NA,NA,NA,4,4,4,4,4,6,2,7,6,5,5,3,5,5,5,3,NA,NA,NA,NA,NA
512774039,100,45,2,10,1,NA,1,5,7,7,7,7,7,5,7,7,7,5,7,7,7,2,2,2,2,2,7,1,7,7,7,7,3,1,1,1,5,2,6,1,1,1,7,7,1,5,1
4055004,100,20,2,10,1,NA,2,4,7,7,7,7,7,7,7,7,4,6,6,6,5,1,1,1,1,1,7,3,6,6,7,7,7,7,7,7,6,7,7,1,1,4,7,7,1,4,1
189952971,100,19,2,12,3,NA,2,5,3,7,7,6,6,4,5,5,5,4,6,6,5,1,1,1,1,1,3,4,6,6,7,7,7,7,7,6,7,5,5,3,3,3,6,6,1,5,1
222823010,100,20,2,10,1,NA,3,3,6,6,6,6,4,5,6,7,5,5,5,5,6,3,3,3,3,1,7,2,7,7,6,6,5,4,6,5,5,6,6,2,2,1,6,6,4,2,4
763951308,100,18,2,10,1,NA,2,4,5,6,5,6,6,7,6,6,4,4,4,4,4,2,2,2,2,2,6,3,6,6,6,6,5,4,4,4,6,5,5,2,2,1,5,6,3,2,3
402624531,100,19,2,10,1,NA,1,5,4,4,4,4,4,5,4,4,5,2,6,6,6,2,2,2,2,2,6,1,6,6,6,5,2,2,2,2,2,6,6,3,1,1,6,6,1,5,1
348279856,100,19,2,10,1,NA,1,5,7,7,7,7,4,6,7,7,5,7,7,7,7,1,1,1,1,1,7,1,7,7,7,7,7,7,7,7,7,2,2,3,2,1,7,7,1,4,1
412839637,100,19,2,10,1,NA,1,5,5,6,4,6,3,5,5,6,4,4,4,4,4,4,4,4,4,4,7,2,4,4,4,6,4,4,6,6,4,4,4,4,4,4,4,4,3,3,3
96272428,100,19,2,10,1,NA,1,5,6,4,6,6,4,7,7,7,6,6,6,6,6,3,2,5,5,2,7,5,7,7,7,7,7,7,6,7,6,5,4,3,1,1,7,7,3,4,3
52106522,100,18,2,8,2,6,1,5,7,7,7,7,7,7,7,7,NA,NA,NA,NA,NA,NA,NA,NA,NA,NA,7,1,7,7,7,7,7,7,7,7,7,6,5,6,5,6,NA,NA,NA,NA,NA
187444362,100,18,1,10,1,NA,4,2,3,4,3,4,2,4,5,5,6,4,2,3,4,6,3,3,3,5,2,4,3,6,3,3,4,3,3,5,4,2,5,2,4,3,4,3,2,4,2
999251881,100,18,2,10,1,NA,1,5,5,5,6,6,4,7,6,6,5,5,5,5,5,1,1,1,2,1,7,2,6,6,5,7,6,5,5,5,6,2,4,1,2,1,4,6,3,3,2
388073627,100,20,2,10,1,NA,2,4,5,6,6,6,6,6,6,7,6,6,6,6,6,2,2,2,2,2,6,2,6,6,6,7,5,5,5,6,5,3,5,2,3,2,6,6,2,4,2
205883908,100,20,1,5,1,NA,2,4,6,6,6,6,4,6,7,7,NA,NA,NA,NA,NA,NA,NA,NA,NA,NA,6,3,5,7,7,7,6,5,3,6,7,4,6,2,2,3,NA,NA,NA,NA,NA
952396119,100,21,2,10,1,NA,2,4,4,5,5,5,5,5,5,5,4,4,4,4,4,4,4,4,4,4,6,2,7,6,4,6,6,6,4,5,5,5,7,1,1,1,7,6,2,3,3
5685053,100,20,2,5,1,NA,2,4,4,5,7,4,4,7,5,5,NA,NA,NA,NA,NA,NA,NA,NA,NA,NA,6,3,5,6,6,7,6,6,5,6,7,2,2,3,6,3,NA,NA,NA,NA,NA
937289934,100,19,2,9,3,NA,3,3,6,6,6,5,4,6,7,7,NA,NA,NA,NA,NA,NA,NA,NA,NA,NA,6,4,5,5,5,6,6,6,4,6,5,3,4,2,2,2,NA,NA,NA,NA,NA
892185374,100,19,2,10,1,NA,1,5,3,5,6,6,4,5,5,5,5,2,6,5,6,4,3,2,5,2,6,4,4,5,5,7,7,5,4,5,6,4,5,1,1,2,4,7,2,4,3
40718177,100,19,2,5,1,NA,2,4,4,4,4,5,4,4,4,4,NA,NA,NA,NA,NA,NA,NA,NA,NA,NA,2,2,5,3,3,4,4,3,3,4,4,3,4,2,2,4,NA,NA,NA,NA,NA
857832073,100,20,2,10,1,NA,3,3,4,4,3,4,5,4,4,5,4,4,4,5,4,4,4,4,3,4,4,4,4,4,4,4,4,5,4,4,5,4,4,4,4,4,4,4,3,3,4
123942399,100,19,2,10,1,NA,2,4,3,5,6,4,1,6,6,6,5,6,5,5,5,2,1,1,1,1,5,3,7,6,6,7,7,6,6,6,6,3,3,5,4,2,7,7,3,3,3
212558283,100,19,1,7,1,NA,2,4,5,6,5,4,3,5,6,5,NA,NA,NA,NA,NA,NA,NA,NA,NA,NA,6,6,5,4,5,7,6,5,2,4,6,5,5,2,5,2,NA,NA,NA,NA,NA
742376610,100,19,2,10,1,NA,2,4,5,6,6,6,5,4,6,6,4,1,4,5,5,1,1,1,2,1,7,2,7,7,7,7,5,4,6,4,7,7,6,1,1,4,4,4,3,3,3
872317624,100,19,2,10,1,NA,2,4,5,5,5,4,3,4,5,6,5,5,5,5,4,1,1,1,2,1,5,2,4,3,5,4,5,3,5,5,3,4,5,3,3,1,5,6,2,3,3
133587817,100,20,2,10,1,NA,2,4,5,5,7,7,4,5,6,6,5,5,6,2,5,1,2,1,2,2,7,2,4,5,6,7,5,2,7,7,7,4,4,3,4,4,6,7,3,4,2
871765793,100,22,2,11,1,NA,1,5,4,4,5,4,4,6,6,6,6,5,6,6,6,2,2,2,5,3,7,2,5,6,6,7,5,5,4,4,3,5,5,1,3,1,6,7,2,4,3
160000538,100,26,1,10,1,NA,3,3,4,4,5,4,1,4,7,5,2,2,2,2,3,2,2,2,3,2,6,5,7,6,5,6,6,5,7,6,4,4,4,4,4,4,4,6,3,3,3
662743387,100,19,2,10,1,NA,2,4,7,6,6,4,4,6,5,5,5,2,4,5,4,5,5,2,5,2,7,4,5,7,7,6,5,5,4,5,4,4,3,4,5,4,7,7,5,2,5
852036575,100,19,2,10,1,NA,1,5,5,7,6,5,4,6,6,7,5,6,6,6,6,2,2,2,4,2,5,3,5,6,6,7,5,6,7,6,6,5,2,4,1,1,7,7,1,5,1
622595267,100,19,2,10,1,NA,2,4,7,5,7,7,7,6,5,7,2,5,5,5,6,2,3,3,3,1,6,2,6,6,7,7,4,6,7,6,5,3,6,2,1,2,7,7,2,2,2
814267466,100,19,2,10,1,NA,2,4,4,5,4,5,4,4,5,5,1,5,5,5,5,2,2,2,2,2,6,3,6,6,5,6,6,6,3,6,4,3,5,3,3,4,6,6,3,3,3
23043385,100,19,2,10,1,NA,1,5,6,6,6,6,6,4,5,6,6,5,6,5,6,1,1,1,1,1,7,5,6,7,6,6,6,3,2,3,5,5,5,2,4,4,7,7,4,3,3
142958183,100,26,2,10,1,NA,1,5,4,6,6,7,7,7,7,7,4,4,4,4,4,4,4,4,4,4,7,1,7,7,7,7,4,4,6,5,7,7,7,1,1,1,5,7,1,5,1
492826961,100,19,2,10,1,NA,1,5,7,7,7,6,4,5,6,7,4,5,5,5,3,1,1,1,1,1,6,2,4,5,6,7,6,6,7,7,7,5,6,2,2,4,6,7,1,5,1
605343501,100,20,2,14,1,NA,1,5,6,7,7,7,4,7,7,7,NA,NA,NA,NA,NA,NA,NA,NA,NA,NA,7,1,5,7,7,7,7,7,7,7,6,6,7,1,6,2,NA,NA,NA,NA,NA
284833905,100,19,2,10,1,NA,1,5,7,7,6,7,6,7,7,7,5,5,6,5,5,1,1,1,1,1,7,1,7,7,7,6,3,3,5,6,7,6,7,1,1,1,7,7,2,4,2
355074506,100,19,2,10,1,NA,3,3,5,6,5,6,4,6,6,6,3,3,3,3,3,3,3,3,3,3,5,2,4,6,5,6,4,2,2,4,4,5,6,1,1,2,5,6,3,3,3
678479501,100,18,2,10,1,NA,1,5,5,6,6,7,6,7,7,7,5,5,5,3,4,2,2,2,4,2,7,1,6,6,7,5,5,4,7,7,7,6,5,1,1,1,7,7,2,2,2
511122831,100,19,2,10,1,NA,1,5,5,6,5,7,6,5,6,6,7,6,6,6,6,2,2,2,5,2,5,2,5,5,6,5,3,3,2,3,5,3,3,3,3,2,7,7,2,2,2
287685672,100,20,2,10,1,NA,2,4,5,5,4,5,3,5,4,6,4,4,4,3,2,1,2,1,4,1,6,4,5,6,5,6,5,4,5,6,3,4,4,2,2,2,5,5,3,3,3
105089611,100,18,2,1,1,NA,2,4,4,4,5,6,4,5,7,5,NA,NA,NA,NA,NA,NA,NA,NA,NA,NA,6,1,6,7,5,5,7,7,7,7,7,5,6,1,1,1,NA,NA,NA,NA,NA
409761702,100,21,2,12,3,NA,2,4,6,7,7,6,7,6,7,7,NA,NA,NA,NA,NA,NA,NA,NA,NA,NA,7,3,7,7,7,3,5,6,3,3,3,NA,NA,1,1,NA,6,6,1,4,1
117606349,100,20,2,10,1,NA,1,5,6,6,6,6,5,5,6,6,4,4,4,4,4,4,4,4,4,4,7,1,7,7,7,6,6,6,7,7,3,5,4,2,2,2,7,7,1,5,1
469829172,100,31,2,10,1,NA,1,5,4,4,4,4,4,7,7,7,4,2,4,4,4,1,1,1,1,1,7,1,7,7,2,7,7,7,7,7,3,5,4,1,2,1,7,7,3,3,3
847791260,100,23,1,12,3,NA,2,3,7,7,7,6,4,7,7,7,5,4,3,2,2,1,2,1,1,1,6,3,4,5,2,7,5,6,5,5,7,7,6,2,3,3,2,7,3,3,3
607450826,100,19,1,10,1,NA,3,3,3,5,6,1,1,7,5,7,2,3,3,3,2,2,5,2,5,2,2,1,5,2,2,7,5,3,2,5,5,3,4,3,2,3,3,6,4,2,4
935452498,100,19,1,7,1,NA,4,2,3,4,3,3,3,5,4,5,NA,NA,NA,NA,NA,NA,NA,NA,NA,NA,4,4,2,5,4,5,6,7,4,4,6,2,2,1,2,2,NA,NA,NA,NA,NA
978275250,100,19,2,10,1,NA,2,4,7,7,7,7,7,7,7,7,4,6,6,6,6,2,3,1,2,1,7,1,7,7,6,7,6,6,4,7,6,6,6,1,1,1,7,7,2,3,2
777735145,100,21,2,13,3,NA,2,4,5,6,6,6,6,6,5,7,NA,NA,NA,NA,NA,NA,NA,NA,NA,NA,6,2,5,6,6,7,7,7,7,7,7,6,6,1,3,2,NA,NA,NA,NA,NA
188133606,100,20,2,10,1,NA,2,4,5,5,5,4,2,5,6,6,3,5,5,5,5,2,4,4,5,4,5,3,6,6,6,5,5,5,5,4,6,5,4,3,2,3,5,5,2,4,2
7176457,100,19,2,7,1,NA,4,4,5,4,4,5,5,3,5,5,NA,NA,NA,NA,NA,NA,NA,NA,NA,NA,4,3,4,5,5,4,5,5,4,4,3,3,5,3,5,5,NA,NA,NA,NA,NA
240356954,100,19,2,5,3,NA,1,5,7,7,7,7,7,7,7,7,NA,NA,NA,NA,NA,NA,NA,NA,NA,NA,7,1,7,7,7,7,6,3,1,6,7,7,7,1,1,1,NA,NA,NA,NA,NA
107128052,100,19,1,1,1,NA,1,5,6,6,6,6,3,7,7,7,NA,NA,NA,NA,NA,NA,NA,NA,NA,NA,6,1,6,6,6,7,7,7,6,6,7,5,5,7,7,5,NA,NA,NA,NA,NA
365833769,100,19,2,10,1,NA,2,4,5,5,5,5,4,5,5,6,4,3,3,3,3,1,1,2,2,1,6,4,5,6,5,3,3,3,4,4,5,5,5,3,2,1,6,7,4,3,3
970460964,100,18,2,10,1,NA,1,5,7,7,7,7,7,7,7,7,7,6,7,7,7,1,1,1,3,1,7,1,7,7,7,7,6,6,6,5,7,4,6,2,1,1,7,7,1,5,1
154001883,100,19,2,10,1,NA,2,4,5,6,6,5,6,5,6,5,5,5,5,5,5,1,1,1,1,1,6,2,6,6,6,6,3,2,3,2,6,5,5,2,3,2,6,6,2,4,3
383208051,100,18,2,10,1,NA,4,2,3,4,3,3,1,4,2,4,2,3,4,3,2,2,6,1,5,4,5,3,5,5,4,6,4,3,3,3,5,4,2,6,7,4,3,4,5,1,5
772924975,100,20,2,10,1,NA,1,5,5,5,5,5,3,6,5,6,5,6,6,4,1,1,1,1,4,2,6,2,6,6,6,7,5,4,5,5,6,4,2,3,1,1,NA,NA,NA,NA,NA
338468893,100,19,2,10,1,NA,2,4,5,5,6,6,5,5,5,6,6,6,5,6,6,2,4,1,4,1,6,3,5,6,6,6,5,5,4,5,6,5,5,4,2,2,5,5,2,3,3
261809792,100,19,1,10,1,NA,2,4,6,6,7,6,4,6,7,7,2,3,3,2,3,1,1,2,2,2,6,1,1,7,6,7,5,4,5,5,5,6,6,2,2,1,6,7,3,3,4
809362949,4,NA,NA,NA,NA,NA,NA,NA,NA,NA,NA,NA,NA,NA,NA,NA,NA,NA,NA,NA,NA,NA,NA,NA,NA,NA,NA,NA,NA,NA,NA,NA,NA,NA,NA,NA,NA,NA,NA,NA,NA,NA,NA,NA,NA,NA,NA
176132034,100,18,2,8,1,NA,1,4,6,6,7,6,6,6,6,7,NA,NA,NA,NA,NA,NA,NA,NA,NA,NA,6,3,6,7,6,6,7,7,6,6,5,5,5,3,3,2,NA,NA,NA,NA,NA
444751260,100,18,2,10,1,NA,1,4,5,6,7,7,6,7,7,7,5,6,6,5,5,1,1,1,1,1,7,1,7,7,7,7,6,6,4,5,7,6,7,1,1,1,6,7,2,5,3
822076420,100,19,2,10,1,NA,2,4,6,6,6,6,5,6,6,5,4,6,5,5,5,1,2,1,2,1,6,3,6,6,7,6,5,5,4,5,5,4,4,3,2,1,6,6,3,2,3
874752528,100,19,2,7,3,NA,2,4,5,6,7,7,6,5,5,6,NA,NA,NA,NA,NA,NA,NA,NA,NA,NA,6,2,4,6,3,7,4,4,6,7,6,5,5,2,5,3,NA,NA,NA,NA,NA
185324371,100,19,2,10,1,NA,1,5,7,7,7,6,4,5,4,5,5,6,5,4,5,1,1,1,2,1,5,1,6,6,6,6,6,5,4,3,6,5,5,3,2,2,5,6,3,3,3
60829442,100,18,2,12,1,NA,2,4,2,3,4,3,2,3,2,2,4,3,3,4,2,6,6,2,6,2,2,5,2,2,3,6,6,4,4,4,4,3,3,3,3,3,6,6,4,2,4
627796721,73,19,2,10,1,NA,1,5,5,6,5,5,3,6,5,6,NA,NA,NA,NA,NA,NA,NA,NA,NA,NA,5,3,4,5,6,7,5,5,7,5,5,NA,NA,NA,NA,NA,NA,NA,NA,NA,NA
619757133,100,19,2,10,1,NA,1,5,4,4,5,5,4,6,6,6,6,2,7,7,7,1,1,1,1,1,7,2,6,7,6,6,5,3,4,3,4,3,4,2,3,1,6,7,2,4,2
396605724,100,21,2,10,1,NA,2,4,3,3,2,3,4,5,4,5,3,3,3,1,3,1,1,1,3,1,5,5,3,5,5,5,5,6,7,2,2,4,5,3,2,4,5,6,3,3,2
416665795,100,19,2,10,1,NA,1,5,6,6,7,7,5,5,6,7,6,7,6,6,6,2,2,2,2,2,7,5,3,7,7,6,7,6,6,7,7,5,5,3,3,3,7,7,2,3,3
368811419,100,18,2,10,1,NA,1,5,6,6,6,6,5,6,7,7,3,5,5,4,5,3,3,1,2,1,6,2,6,7,6,6,3,2,3,3,6,5,6,2,1,1,5,6,3,3,3
122969742,100,25,2,10,1,NA,1,5,4,6,6,7,4,6,7,7,2,3,3,6,6,5,6,5,4,1,6,2,7,7,7,7,7,5,7,7,4,5,5,7,2,1,6,7,2,2,3
943666538,100,20,2,10,1,NA,1,5,6,6,7,6,5,4,6,7,6,6,6,6,6,2,1,1,1,1,7,2,6,7,6,7,6,3,7,7,3,5,6,2,5,4,6,6,1,5,1
849230304,100,19,1,10,1,NA,3,3,6,6,6,6,4,6,5,7,5,5,5,4,4,3,3,3,4,3,6,3,6,7,6,7,6,7,6,5,5,6,6,3,2,2,4,6,3,3,3
707492098,100,20,2,10,1,NA,2,4,4,5,5,4,2,6,5,5,5,5,5,5,5,1,1,1,1,1,5,4,4,4,4,6,6,5,7,5,6,4,4,4,4,4,5,5,3,3,3
507219689,100,26,2,10,1,NA,1,5,4,7,7,4,4,4,4,4,1,1,4,1,2,1,1,1,1,1,4,4,4,7,4,7,7,7,7,7,7,2,2,3,1,3,7,7,3,3,3
396464885,100,18,2,10,1,NA,1,5,5,5,6,4,4,6,6,7,5,5,5,4,5,2,5,4,7,1,6,3,4,6,5,5,5,5,4,4,3,3,4,3,3,1,7,7,3,3,4
565737589,100,20,2,14,1,NA,1,5,6,6,7,6,3,5,6,6,NA,NA,NA,NA,NA,NA,NA,NA,NA,NA,7,1,7,7,7,7,4,5,6,6,1,5,4,3,4,2,NA,NA,NA,NA,NA
362099496,100,19,2,12,3,NA,3,3,7,7,5,7,4,7,7,7,5,6,6,5,5,3,1,1,2,1,5,3,7,7,6,7,5,3,1,1,5,1,1,1,1,4,5,7,2,3,2
693567813,100,18,2,10,1,NA,1,5,5,6,6,6,3,5,4,7,1,1,2,2,2,1,1,1,1,1,6,2,6,6,6,7,5,5,5,5,7,5,5,4,2,1,6,7,1,5,1
36919382,5,NA,NA,NA,NA,NA,NA,NA,NA,NA,NA,NA,NA,NA,NA,NA,NA,NA,NA,NA,NA,NA,NA,NA,NA,NA,NA,NA,NA,NA,NA,NA,NA,NA,NA,NA,NA,NA,NA,NA,NA,NA,NA,NA,NA,NA,NA
380448038,100,18,1,10,1,NA,2,4,5,5,4,6,5,6,7,7,4,4,4,3,5,3,3,1,4,1,5,2,6,6,5,7,6,6,5,6,5,3,3,2,2,1,6,7,3,3,4
833671670,100,19,2,10,1,NA,2,4,6,6,6,5,4,4,5,5,5,1,6,6,6,4,2,1,1,1,6,3,5,5,6,2,5,4,6,6,7,4,5,3,2,2,6,7,3,4,4
780908120,100,22,1,7,3,NA,1,5,6,5,7,5,5,7,6,6,NA,NA,NA,NA,NA,NA,NA,NA,NA,NA,5,5,5,5,5,4,4,4,4,3,4,4,4,4,4,4,NA,NA,NA,NA,NA
222397509,100,20,2,7,1,NA,2,4,5,6,5,5,4,7,7,7,NA,NA,NA,NA,NA,NA,NA,NA,NA,NA,4,5,3,4,4,7,4,4,4,3,6,3,4,2,2,3,NA,NA,NA,NA,NA
600936091,100,19,2,1,1,NA,1,5,6,6,6,7,2,7,6,7,NA,NA,NA,NA,NA,NA,NA,NA,NA,NA,6,2,6,6,6,7,6,7,7,7,7,6,7,2,1,2,NA,NA,NA,NA,NA
513492113,100,19,1,12,1,NA,2,4,6,6,4,4,3,4,5,4,6,4,6,6,6,2,2,2,2,2,6,2,5,7,7,5,3,4,6,6,2,2,2,4,2,3,6,6,2,4,2
574852084,100,19,2,5,3,NA,2,4,6,5,7,7,4,7,7,7,NA,NA,NA,NA,NA,NA,NA,NA,NA,NA,4,4,4,4,4,7,2,7,7,7,4,2,2,4,5,2,NA,NA,NA,NA,NA
524591050,100,19,1,5,1,NA,2,4,4,3,3,4,2,4,4,5,NA,NA,NA,NA,NA,NA,NA,NA,NA,NA,4,2,2,4,4,6,4,3,7,6,7,4,4,3,6,3,NA,NA,NA,NA,NA
366637802,100,20,2,10,1,NA,1,5,4,4,4,5,6,7,7,7,4,4,4,4,4,1,1,1,1,1,2,7,1,1,2,7,7,7,7,7,5,5,5,2,2,2,4,1,2,3,2
489080532,100,18,2,10,1,NA,2,4,6,6,6,7,5,5,6,7,5,5,5,6,6,3,3,2,4,1,6,2,5,6,6,6,5,4,4,5,7,6,6,2,4,4,6,6,2,3,2
90124290,100,19,2,10,1,NA,1,5,4,6,5,7,5,7,6,7,3,5,3,6,6,6,6,5,6,6,4,4,3,2,5,7,6,6,5,5,4,6,6,2,2,2,6,6,2,4,2
85081075,100,19,2,5,1,NA,3,3,7,7,6,7,4,7,7,7,NA,NA,NA,NA,NA,NA,NA,NA,NA,NA,7,1,7,7,7,7,5,3,6,6,1,7,7,1,1,1,NA,NA,NA,NA,NA
960754192,100,19,2,10,1,NA,1,5,2,3,2,6,4,3,5,5,4,4,4,4,4,4,2,2,3,3,5,5,5,5,4,7,6,6,7,6,4,4,4,3,4,4,5,5,2,4,1
946814300,100,20,2,10,1,NA,1,5,5,4,7,3,6,2,6,6,6,5,6,6,6,4,5,5,5,4,4,4,5,6,6,7,6,7,1,2,4,4,6,4,6,6,7,7,1,5,1
35087998,100,20,2,10,1,NA,3,3,6,7,7,7,6,7,7,7,4,3,3,3,3,1,1,1,1,1,7,1,7,7,7,7,1,2,4,4,6,7,7,1,1,2,7,7,3,2,4
50431531,100,42,2,10,1,NA,3,3,3,3,3,2,2,3,3,5,2,1,2,1,2,1,1,1,1,1,5,2,3,2,3,6,2,2,4,2,1,3,2,2,2,1,4,4,2,3,2
60141612,100,20,2,10,1,NA,1,4,5,6,7,7,3,7,6,6,3,3,3,1,3,1,1,1,3,1,6,2,5,5,7,7,6,7,5,6,6,7,5,1,6,2,6,7,2,2,2
874747748,100,20,2,10,1,NA,1,5,7,7,7,7,7,7,7,7,5,6,7,7,6,1,1,1,1,1,7,1,7,7,7,7,6,6,5,4,5,6,7,1,1,1,5,7,1,4,1
870413235,100,20,2,10,1,NA,2,4,6,6,6,6,5,6,7,7,3,1,5,2,5,1,1,1,1,1,6,1,5,5,5,7,7,7,7,7,7,5,1,3,4,3,6,6,1,4,1
391597739,100,18,2,10,1,NA,1,5,7,7,7,7,7,7,7,7,5,5,5,5,5,1,1,1,1,1,7,2,7,7,7,7,7,7,7,7,6,6,7,3,1,1,7,7,1,5,1
486480541,100,18,2,10,1,NA,1,5,5,5,7,5,4,7,7,7,5,5,6,3,2,1,1,1,1,1,6,2,4,6,5,7,7,6,6,7,6,3,1,3,3,3,7,7,1,4,2
16287107,100,21,2,2,1,NA,1,5,5,7,7,7,4,6,6,7,NA,NA,NA,NA,NA,NA,NA,NA,NA,NA,7,1,7,7,7,7,4,7,7,7,7,5,7,1,1,3,NA,NA,NA,NA,NA
756313561,100,20,1,10,1,NA,3,3,4,4,4,2,4,4,4,4,4,4,4,4,4,1,1,1,1,1,6,2,4,5,5,6,4,4,4,4,6,4,5,3,4,3,4,6,3,3,4
609817674,100,19,2,10,1,NA,3,3,5,5,3,5,4,6,7,7,4,4,4,4,4,4,4,4,4,4,2,4,4,5,4,2,1,2,2,2,2,4,2,3,3,2,5,6,3,3,3
122336489,100,19,2,10,1,NA,2,4,3,3,4,4,2,5,6,6,2,3,1,1,1,2,2,1,6,1,2,5,1,3,2,3,2,3,6,6,2,2,1,4,6,3,6,7,3,2,4
240897089,100,25,2,10,1,NA,1,5,6,6,6,7,4,5,5,7,4,1,6,4,4,1,1,1,1,1,7,3,5,6,5,5,5,4,6,4,2,4,5,3,3,2,7,7,1,5,1
500676545,100,19,1,10,1,NA,2,5,6,7,7,6,6,7,7,7,5,3,6,6,6,1,2,3,2,1,5,3,7,6,7,7,7,6,6,7,7,5,7,1,2,1,7,7,2,2,1
9244256,100,20,2,10,1,NA,1,5,4,5,5,5,4,6,6,6,5,5,5,5,5,2,2,2,2,2,6,3,6,6,6,7,7,7,5,5,7,6,5,2,2,2,6,6,1,4,1
401059012,100,19,2,10,1,NA,1,5,7,7,7,7,7,4,7,7,5,5,5,5,5,2,3,1,1,2,7,1,7,7,7,7,7,7,7,7,7,7,7,1,1,1,7,7,1,3,2
345225638,100,20,2,10,1,NA,1,5,5,7,6,7,1,4,3,7,1,1,1,1,1,1,3,2,2,1,1,6,4,4,4,7,7,7,1,2,7,5,1,5,1,1,5,7,3,3,3
170385382,100,19,2,10,1,NA,2,4,4,5,5,3,2,6,5,6,2,1,2,1,2,1,1,1,1,1,7,3,5,5,5,6,2,2,7,5,6,5,6,1,1,3,6,6,3,4,3
958103640,100,20,2,10,1,NA,1,5,6,6,7,7,4,7,6,7,6,6,5,6,6,2,3,2,2,1,6,2,6,6,6,7,5,5,5,6,7,6,6,1,2,1,6,7,1,5,1
288538814,100,20,2,10,1,NA,1,5,7,7,7,7,7,7,7,7,7,6,6,6,7,1,1,1,1,1,5,1,6,7,7,5,6,6,4,6,7,6,6,3,2,5,6,7,1,5,1
752079992,100,19,2,10,1,NA,2,3,5,5,6,6,6,6,5,7,4,3,4,3,4,1,1,1,1,1,6,2,4,5,5,7,2,2,2,2,4,5,4,5,2,2,5,6,4,3,3
564268505,100,20,2,10,1,NA,NA,NA,4,5,6,5,3,4,4,4,2,2,4,3,3,2,2,2,4,1,NA,NA,NA,NA,NA,6,6,6,6,6,6,4,3,2,2,2,4,5,4,2,3
947214731,100,20,2,10,1,NA,1,5,6,6,6,6,6,5,6,6,1,1,4,4,4,1,1,1,1,1,6,1,4,5,5,5,6,5,6,7,6,4,4,2,2,1,6,6,1,5,1
24809806,100,18,2,13,1,NA,2,4,3,2,3,2,1,4,3,2,NA,NA,NA,NA,NA,NA,NA,NA,NA,NA,5,1,5,6,5,7,5,2,6,5,2,3,3,5,1,2,NA,NA,NA,NA,NA
765041916,100,20,1,10,1,NA,2,4,3,3,4,2,1,5,2,5,4,3,4,4,4,2,3,2,3,3,5,5,5,4,5,6,6,4,2,4,6,5,6,2,3,1,5,5,3,2,4
841566102,100,19,2,6,3,NA,3,3,5,5,6,5,4,4,3,5,NA,NA,NA,NA,NA,NA,NA,NA,NA,NA,5,4,3,4,4,6,5,3,2,4,6,3,5,3,3,4,NA,NA,NA,NA,NA
76881195,100,19,2,10,1,NA,1,4,4,5,6,7,7,7,7,7,3,4,4,5,5,2,2,1,5,1,6,2,5,6,7,7,5,6,7,NA,4,5,6,3,2,3,5,7,2,4,2
167188608,100,20,2,10,1,NA,1,5,6,7,7,7,6,7,7,7,7,5,5,6,6,2,4,1,2,1,7,2,6,7,6,7,5,4,6,5,6,6,7,1,1,1,6,7,2,3,2
41149254,100,19,2,10,1,NA,2,4,5,6,6,6,4,6,6,7,1,3,4,2,4,2,2,2,2,2,5,2,5,7,6,5,5,6,6,7,6,4,5,3,2,1,6,7,3,2,4
9978645,100,19,2,10,1,NA,1,5,6,6,6,6,6,6,6,7,1,6,7,6,7,1,1,1,1,1,7,2,6,6,7,7,7,7,7,7,7,6,6,3,1,1,5,6,2,4,1
200447340,100,20,2,10,1,NA,2,3,5,5,6,7,7,6,7,7,5,5,5,4,6,2,3,1,3,1,7,5,7,6,5,7,5,6,5,5,4,6,6,1,1,3,6,7,2,3,2
429271518,100,19,2,10,1,NA,1,5,3,4,5,2,6,7,6,7,1,6,7,6,7,1,1,1,1,1,7,1,7,7,7,7,6,6,3,6,7,6,7,2,1,2,7,7,1,5,1
636443251,100,18,2,10,1,NA,1,5,6,6,6,5,4,6,7,7,6,6,6,6,6,2,2,2,2,2,6,2,6,7,6,7,4,3,6,7,4,6,6,1,1,1,7,7,2,3,2
251382228,100,20,2,10,1,NA,1,5,7,7,7,7,6,7,7,7,5,4,5,4,6,2,4,1,5,1,7,2,7,7,7,7,6,7,6,7,7,6,5,1,1,1,7,7,4,3,2
908429534,100,19,2,10,1,NA,2,4,4,4,3,3,4,1,1,6,7,6,6,4,3,1,1,1,2,1,4,2,2,4,5,7,6,6,6,7,2,2,4,4,3,2,5,7,2,2,3
987254865,100,20,2,10,1,NA,2,3,3,2,7,4,1,7,3,5,3,2,3,2,3,1,1,1,3,1,7,4,7,5,7,7,6,6,7,2,6,5,5,3,1,1,6,7,1,4,3
325830534,100,18,2,10,1,NA,1,5,7,7,7,7,5,7,7,7,5,5,5,4,5,2,1,1,2,1,7,2,6,7,7,6,6,7,5,6,4,6,7,2,1,5,6,6,3,3,4
488921950,100,21,2,12,2,17,3,3,4,5,5,1,1,7,7,7,5,2,3,3,3,4,4,3,5,3,5,2,4,4,4,7,7,7,4,7,7,5,5,3,3,3,7,7,5,1,5
169009315,100,19,2,10,1,NA,2,4,4,4,5,5,4,4,5,6,5,3,3,3,4,3,3,3,3,3,3,2,4,4,4,4,5,4,4,4,3,5,5,2,2,2,5,6,3,3,3
473446744,100,19,2,10,1,NA,2,4,5,5,5,4,4,5,6,6,4,2,3,2,3,1,1,1,1,1,5,2,6,5,5,7,5,5,6,6,6,6,6,2,1,4,5,6,2,4,1
767929957,100,19,2,7,3,NA,5,5,6,6,7,7,7,7,7,7,NA,NA,NA,NA,NA,NA,NA,NA,NA,NA,3,1,6,6,7,7,7,7,7,7,7,7,5,1,1,1,NA,NA,NA,NA,NA
321427237,100,19,2,10,1,NA,2,4,4,6,6,6,5,6,6,6,3,3,5,5,4,1,1,1,1,1,5,2,5,6,6,2,4,4,4,4,4,5,5,3,3,3,5,5,2,4,2
671080212,100,19,2,10,1,NA,1,5,6,7,7,7,7,7,7,7,5,6,6,5,5,1,1,1,4,1,7,1,7,7,7,7,5,5,5,5,7,5,5,2,1,2,NA,7,2,3,2
201972429,100,22,2,8,3,NA,3,2,5,5,6,5,2,2,2,4,NA,NA,NA,NA,NA,NA,NA,NA,NA,NA,4,2,3,3,4,7,5,6,2,4,1,3,3,3,4,3,NA,NA,NA,NA,NA
293993879,100,18,2,10,1,NA,1,5,7,7,7,7,7,7,7,7,5,5,5,5,5,2,2,2,2,2,7,2,6,6,6,7,5,6,4,5,5,4,4,3,2,1,7,7,1,4,1
330302829,100,19,2,10,1,NA,2,4,3,5,7,6,6,6,6,7,5,6,7,5,6,2,2,1,2,1,6,2,6,7,6,7,5,5,6,6,7,5,5,2,2,2,5,7,2,3,2
182039246,100,18,2,10,1,NA,2,4,7,7,7,7,6,7,7,7,5,5,5,6,6,1,1,1,2,1,7,2,4,7,6,7,4,4,4,5,5,6,7,1,1,1,7,7,2,4,2
406413837,73,18,2,10,1,NA,1,5,7,5,4,6,6,5,7,7,NA,NA,NA,NA,NA,NA,NA,NA,NA,NA,7,3,6,7,7,5,6,6,5,6,5,NA,NA,NA,NA,NA,NA,NA,NA,NA,NA
570209103,41,19,2,7,3,NA,NA,NA,NA,NA,NA,NA,NA,NA,NA,NA,NA,NA,NA,NA,NA,NA,NA,NA,NA,NA,NA,NA,NA,NA,NA,NA,NA,NA,NA,NA,NA,NA,NA,NA,NA,NA,NA,NA,NA,NA,NA
634885067,100,22,2,10,1,NA,1,4,6,6,7,6,7,7,7,7,5,5,6,4,5,1,3,1,3,1,7,1,6,7,7,7,7,6,5,5,3,7,5,1,1,1,6,7,3,3,3
591372582,100,19,2,10,1,NA,2,5,5,7,7,5,4,7,6,7,5,2,3,4,3,1,5,1,4,1,7,2,7,6,7,6,6,4,4,6,6,6,5,1,2,1,7,7,2,2,4
374042390,100,28,2,10,1,NA,1,5,5,7,7,5,6,7,7,7,2,2,2,2,2,1,1,1,1,1,7,1,7,7,7,7,7,6,7,7,7,5,4,3,1,1,7,7,1,5,1
230385820,100,19,2,10,1,NA,1,5,5,5,7,7,4,7,7,7,1,1,1,1,1,1,1,1,1,1,5,2,7,4,6,7,7,7,7,7,7,5,7,3,1,1,4,7,1,5,1
365454123,100,20,2,9,3,NA,1,5,6,6,6,6,4,5,6,7,NA,NA,NA,NA,NA,NA,NA,NA,NA,NA,6,2,5,5,7,6,6,6,7,6,4,4,5,6,4,3,NA,NA,NA,NA,NA
672274078,54,21,2,10,1,NA,NA,NA,3,5,6,4,1,6,6,6,NA,NA,NA,NA,NA,NA,NA,NA,NA,NA,NA,NA,NA,NA,NA,6,6,7,5,4,5,NA,NA,NA,NA,NA,NA,NA,NA,NA,NA
704332913,100,19,2,12,2,11,2,4,6,7,7,7,7,7,7,7,3,3,4,4,4,1,1,1,1,1,7,2,6,7,7,7,4,3,4,4,4,5,4,4,4,2,5,6,3,3,3
606586100,100,19,1,2,1,NA,1,5,6,7,5,5,3,5,7,7,NA,NA,NA,NA,NA,NA,NA,NA,NA,NA,6,3,4,7,7,7,7,7,6,7,5,5,4,2,1,3,NA,NA,NA,NA,NA
972475522,100,18,2,10,1,NA,2,4,3,2,3,4,4,5,5,3,3,2,4,5,6,1,1,1,1,1,5,3,4,6,4,5,4,4,5,4,5,3,1,3,3,1,7,7,3,3,4
575546586,100,18,2,4,1,NA,1,5,7,7,7,7,7,7,7,7,NA,NA,NA,NA,NA,NA,NA,NA,NA,NA,7,7,7,7,7,4,7,4,4,4,7,5,7,3,6,7,NA,NA,NA,NA,NA
197406736,100,19,2,5,1,NA,1,5,6,7,7,5,7,5,6,7,NA,NA,NA,NA,NA,NA,NA,NA,NA,NA,5,4,6,6,6,6,7,7,4,6,7,4,5,4,5,3,NA,NA,NA,NA,NA
882793001,100,19,2,8,1,NA,1,5,7,7,7,7,6,6,5,7,NA,NA,NA,NA,NA,NA,NA,NA,NA,NA,7,3,7,6,6,7,4,5,2,1,5,6,4,1,1,7,NA,NA,NA,NA,NA
994210183,100,19,2,8,1,NA,2,5,7,7,7,7,7,7,7,7,NA,NA,NA,NA,NA,NA,NA,NA,NA,NA,7,1,7,7,7,7,7,7,5,7,5,6,7,1,1,2,NA,NA,NA,NA,NA
989785379,100,19,2,10,1,NA,1,5,5,4,7,3,2,7,7,6,6,7,7,6,5,2,1,1,1,1,6,2,5,6,6,7,6,6,1,1,4,3,2,5,5,2,4,7,1,5,1
277301330,100,18,2,12,3,NA,5,5,4,4,4,4,5,4,4,4,4,4,4,4,6,5,4,7,5,7,6,3,5,7,6,4,6,5,5,6,5,2,4,4,5,5,5,7,5,2,3
508638520,100,19,2,12,3,NA,1,5,4,3,4,5,4,4,5,4,3,4,4,4,3,3,4,3,3,4,4,3,4,6,5,4,4,3,6,6,4,4,4,4,5,5,4,5,5,1,4
66754571,100,20,2,10,1,NA,2,4,3,5,6,4,6,6,5,6,4,5,4,4,5,3,3,3,4,2,5,2,4,4,5,6,3,3,3,3,6,4,6,2,4,3,4,5,3,3,3
457410582,100,20,2,2,1,NA,1,5,4,5,5,5,4,4,7,6,NA,NA,NA,NA,NA,NA,NA,NA,NA,NA,7,1,7,7,7,6,1,1,7,1,1,5,7,1,7,2,NA,NA,NA,NA,NA
381201525,100,21,2,10,1,NA,1,5,6,6,6,6,3,6,3,6,5,5,6,4,5,1,1,1,2,1,6,2,6,6,6,7,5,7,3,4,7,3,4,1,2,1,7,7,2,4,4
15604123,100,22,2,12,3,NA,4,2,5,5,7,6,4,6,5,6,1,1,3,2,3,5,5,4,5,1,7,1,6,6,6,5,6,6,7,7,7,5,5,2,2,3,6,6,3,2,4
807294827,100,19,2,13,1,NA,1,4,7,7,7,7,7,7,7,7,NA,NA,NA,NA,NA,NA,NA,NA,NA,NA,7,3,7,7,7,7,7,7,7,7,7,4,4,4,5,1,NA,NA,NA,NA,NA
213779457,100,22,2,13,3,NA,1,2,5,6,4,6,3,3,6,4,NA,NA,NA,NA,NA,NA,NA,NA,NA,NA,5,3,4,3,4,2,6,3,6,3,6,3,5,5,4,4,NA,NA,NA,NA,NA
310092421,100,22,2,10,1,NA,1,5,4,7,7,6,4,7,7,7,5,5,2,5,5,4,1,1,4,1,7,2,7,7,7,6,5,3,2,2,5,7,5,2,3,3,6,7,3,2,4
681733311,100,20,2,2,1,NA,1,5,4,6,6,6,5,5,4,7,NA,NA,NA,NA,NA,NA,NA,NA,NA,NA,5,2,4,5,5,7,4,4,6,6,5,6,5,4,2,2,NA,NA,NA,NA,NA
260922413,100,32,2,10,1,NA,1,5,4,4,4,4,4,6,6,4,4,4,4,6,5,2,4,4,2,2,4,1,5,5,6,7,7,7,7,7,5,2,2,3,5,4,4,6,1,5,1
854139539,100,19,2,10,1,NA,2,4,5,5,6,4,3,5,5,5,3,5,4,3,6,5,5,3,5,2,5,3,4,5,6,6,5,4,3,5,6,5,3,3,2,3,6,6,3,3,4
345615497,100,24,2,14,3,NA,NA,1,5,4,6,6,5,NA,7,6,NA,NA,NA,NA,NA,NA,NA,NA,NA,NA,4,3,3,5,5,3,5,4,5,4,5,5,3,4,4,5,NA,NA,NA,NA,NA
680999600,100,27,1,13,2,18,1,5,7,7,7,7,7,7,7,7,NA,NA,NA,NA,NA,NA,NA,NA,NA,NA,7,1,7,7,7,7,7,7,7,7,7,6,6,1,1,1,NA,NA,NA,NA,NA
880273738,100,18,2,1,1,NA,2,5,6,6,7,7,4,7,7,7,NA,NA,NA,NA,NA,NA,NA,NA,NA,NA,7,2,7,6,6,7,7,7,4,6,2,6,7,1,1,2,NA,NA,NA,NA,NA
417976934,100,19,2,3,2,8,1,5,6,7,6,7,1,6,7,7,NA,NA,NA,NA,NA,NA,NA,NA,NA,NA,6,2,6,7,7,7,6,6,6,6,6,7,7,1,2,2,NA,NA,NA,NA,NA
764427336,100,25,2,3,2,21,1,5,5,6,4,7,4,4,4,5,NA,NA,NA,NA,NA,NA,NA,NA,NA,NA,4,3,6,6,4,7,7,7,4,5,6,1,3,5,1,1,NA,NA,NA,NA,NA
891844026,100,19,2,9,1,NA,2,4,7,7,7,7,2,7,7,7,NA,NA,NA,NA,NA,NA,NA,NA,NA,NA,6,2,6,6,6,7,6,6,6,5,6,6,6,1,1,1,NA,NA,NA,NA,NA
115886265,3,NA,NA,NA,NA,NA,NA,NA,NA,NA,NA,NA,NA,NA,NA,NA,NA,NA,NA,NA,NA,NA,NA,NA,NA,NA,NA,NA,NA,NA,NA,NA,NA,NA,NA,NA,NA,NA,NA,NA,NA,NA,NA,NA,NA,NA,NA
864569584,100,22,2,2,1,NA,1,5,6,7,7,7,7,7,7,7,NA,NA,NA,NA,NA,NA,NA,NA,NA,NA,7,2,6,7,6,7,7,7,6,7,6,6,5,1,2,2,NA,NA,NA,NA,NA
387548023,100,29,2,3,1,NA,2,4,7,7,7,7,6,7,6,7,NA,NA,NA,NA,NA,NA,NA,NA,NA,NA,7,1,5,7,7,7,1,1,2,2,2,6,7,1,1,1,NA,NA,NA,NA,NA
755728126,100,22,2,2,2,6,1,5,7,6,6,6,5,5,5,5,NA,NA,NA,NA,NA,NA,NA,NA,NA,NA,4,4,4,4,4,7,7,7,6,6,6,5,4,5,4,4,NA,NA,NA,NA,NA
178957278,100,18,2,4,1,NA,2,4,3,5,5,5,5,4,6,6,NA,NA,NA,NA,NA,NA,NA,NA,NA,NA,5,4,5,5,5,6,6,6,6,6,6,4,3,3,3,2,NA,NA,NA,NA,NA
921039524,100,20,2,6,1,NA,1,5,7,7,7,7,7,7,7,7,NA,NA,NA,NA,NA,NA,NA,NA,NA,NA,6,4,6,6,6,7,7,7,6,7,6,NA,NA,NA,NA,NA,NA,NA,NA,NA,NA
211165692,100,20,2,12,3,NA,2,4,5,5,5,6,5,4,4,5,4,2,5,4,4,2,2,2,2,2,5,4,5,4,5,6,6,6,5,5,6,3,2,6,4,5,5,5,3,3,2
280697548,23,35,2,2,1,NA,NA,NA,NA,NA,NA,NA,NA,NA,NA,NA,NA,NA,NA,NA,NA,NA,NA,NA,NA,NA,NA,NA,NA,NA,NA,NA,NA,NA,NA,NA,NA,NA,NA,NA,NA,NA,NA,NA,NA,NA,NA
279569198,23,19,2,8,1,NA,NA,NA,NA,NA,NA,NA,NA,NA,NA,NA,NA,NA,NA,NA,NA,NA,NA,NA,NA,NA,NA,NA,NA,NA,NA,NA,NA,NA,NA,NA,NA,NA,NA,NA,NA,NA,NA,NA,NA,NA,NA
427451025,100,18,2,4,2,14,1,3,2,3,2,2,1,1,1,1,NA,NA,NA,NA,NA,NA,NA,NA,NA,NA,4,4,4,4,4,7,5,6,7,7,7,4,4,4,4,4,NA,NA,NA,NA,NA
257288269,100,19,2,10,1,NA,1,5,4,6,5,2,4,7,5,6,3,4,4,5,5,1,1,1,1,1,5,3,4,6,5,7,2,3,6,3,3,4,5,1,4,2,1,7,2,4,2
121237833,100,25,2,10,1,NA,1,5,5,5,6,5,5,5,5,6,2,3,7,3,3,1,1,1,1,1,6,2,6,6,6,6,6,5,5,6,6,2,4,2,3,2,6,7,1,5,1
364398371,100,18,2,10,1,NA,NA,NA,NA,NA,NA,NA,NA,NA,NA,NA,NA,NA,NA,NA,NA,NA,NA,NA,NA,NA,NA,NA,NA,NA,NA,NA,NA,NA,NA,NA,NA,NA,NA,NA,NA,NA,NA,NA,NA,NA,NA
62796974,100,21,2,10,1,NA,3,3,5,5,5,5,3,5,4,5,4,4,4,4,4,4,4,4,4,4,4,4,4,4,4,5,4,5,6,4,6,4,4,4,4,4,4,4,3,3,3
671418707,100,23,2,10,1,NA,4,3,2,2,3,1,1,2,2,3,5,5,6,5,2,3,2,2,5,NA,2,6,3,2,3,6,3,3,3,4,5,4,3,4,5,4,5,6,4,2,4
332347382,64,19,2,3,2,8,1,5,7,6,7,6,2,7,7,7,NA,NA,NA,NA,NA,NA,NA,NA,NA,NA,6,2,6,6,6,7,7,7,7,7,7,NA,NA,NA,NA,NA,NA,NA,NA,NA,NA
903333499,100,20,2,4,1,NA,2,4,6,6,6,6,4,2,6,4,NA,NA,NA,NA,NA,NA,NA,NA,NA,NA,6,2,4,5,4,6,6,6,6,6,6,4,2,3,4,4,NA,NA,NA,NA,NA
698264129,100,33,2,12,2,26,2,NA,7,7,7,7,7,7,7,7,6,4,5,5,4,3,4,4,5,6,7,1,4,7,7,7,7,7,7,7,7,6,6,1,6,1,3,6,3,3,4
779365840,100,35,2,2,1,NA,1,5,4,5,7,7,7,7,7,7,NA,NA,NA,NA,NA,NA,NA,NA,NA,NA,7,1,7,7,7,7,5,7,4,4,4,4,7,1,1,1,NA,NA,NA,NA,NA
104533062,100,20,2,14,1,NA,NA,5,7,7,7,7,7,7,7,7,NA,NA,NA,NA,NA,NA,NA,NA,NA,NA,6,5,4,5,5,2,3,2,2,2,2,1,1,1,1,1,NA,NA,NA,NA,NA
262374459,100,38,1,10,1,NA,3,3,4,5,7,5,4,5,5,5,3,5,5,4,5,2,3,1,2,2,6,3,6,6,5,7,5,4,3,4,4,3,4,2,4,1,6,7,2,4,1
46445195,100,23,2,14,1,NA,4,4,4,7,7,7,1,4,3,4,NA,NA,NA,NA,NA,NA,NA,NA,NA,NA,7,4,4,7,7,7,7,7,1,1,7,6,6,2,2,2,NA,NA,NA,NA,NA
271268916,100,24,2,14,3,NA,3,4,4,4,3,4,6,4,3,5,NA,NA,NA,NA,NA,NA,NA,NA,NA,NA,4,3,4,5,3,4,4,5,3,5,4,4,4,4,3,3,NA,NA,NA,NA,NA
313083839,100,20,1,12,2,12,4,2,4,5,6,4,4,4,4,4,5,5,4,5,6,3,5,4,5,3,6,6,6,7,4,4,4,4,3,4,6,6,7,5,6,7,4,6,5,5,5
714826756,100,20,1,14,2,NA,4,3,5,6,7,6,7,7,7,5,NA,NA,NA,NA,NA,NA,NA,NA,NA,NA,4,6,6,4,4,7,7,5,7,5,6,5,5,5,5,5,NA,NA,NA,NA,NA
618361947,100,25,2,13,1,NA,1,5,7,6,7,7,7,7,4,7,NA,NA,NA,NA,NA,NA,NA,NA,NA,NA,7,1,7,7,7,7,7,7,7,7,7,1,7,1,2,1,NA,NA,NA,NA,NA
392225517,100,20,1,7,3,NA,3,4,1,4,3,2,4,5,6,6,NA,NA,NA,NA,NA,NA,NA,NA,NA,NA,4,3,4,3,3,1,4,4,3,4,4,4,6,6,5,4,NA,NA,NA,NA,NA
559020518,100,25,2,14,3,NA,3,NA,4,5,4,5,5,4,5,5,NA,NA,NA,NA,NA,NA,NA,NA,NA,NA,4,5,4,5,6,6,4,5,4,6,4,5,4,4,4,6,NA,NA,NA,NA,NA
95010170,87,21,2,12,3,NA,2,4,7,7,7,7,7,4,7,7,6,1,2,1,4,1,1,1,3,1,7,1,7,7,7,7,7,7,7,7,7,5,6,2,3,5,6,7,3,3,3
519132569,100,21,1,12,3,NA,2,3,6,6,5,5,5,6,4,6,4,1,4,3,3,1,1,1,2,1,6,4,5,5,5,6,6,6,6,6,5,5,6,3,4,5,6,7,2,4,2
262508969,100,24,1,12,3,NA,2,4,6,6,6,6,6,6,6,6,6,5,5,2,5,3,2,1,2,1,7,2,7,7,7,7,7,7,7,7,2,6,6,6,6,2,7,7,3,3,3
214495782,100,20,2,12,2,15,NA,NA,NA,NA,NA,NA,NA,NA,NA,NA,NA,NA,NA,NA,NA,NA,NA,NA,NA,NA,NA,NA,NA,NA,NA,NA,NA,NA,NA,NA,NA,NA,NA,NA,NA,NA,NA,NA,NA,NA,NA
994479076,100,25,1,13,1,NA,1,5,7,7,7,7,6,7,7,7,NA,NA,NA,NA,NA,NA,NA,NA,NA,NA,7,1,7,7,7,7,7,7,7,1,7,6,7,1,1,5,NA,NA,NA,NA,NA
927607387,100,20,2,10,1,NA,1,5,7,7,7,6,7,7,7,7,6,6,6,6,6,1,1,1,1,1,7,1,7,7,7,7,7,7,5,7,7,7,7,1,1,1,7,7,2,4,1
135517693,100,19,2,10,1,NA,2,4,6,7,5,5,4,7,7,7,2,5,5,4,4,2,4,1,2,1,7,5,7,6,7,7,3,2,2,2,6,1,2,1,2,1,7,7,2,3,4
535693810,100,19,2,10,1,NA,1,5,5,5,5,7,4,5,6,7,6,5,5,6,6,1,1,1,2,1,5,1,7,7,6,5,4,5,6,4,5,5,5,3,2,2,6,7,2,4,2
725506942,4,NA,NA,NA,NA,NA,NA,NA,NA,NA,NA,NA,NA,NA,NA,NA,NA,NA,NA,NA,NA,NA,NA,NA,NA,NA,NA,NA,NA,NA,NA,NA,NA,NA,NA,NA,NA,NA,NA,NA,NA,NA,NA,NA,NA,NA,NA
674658984,100,19,2,5,3,NA,3,3,4,4,5,4,4,6,6,5,NA,NA,NA,NA,NA,NA,NA,NA,NA,NA,5,1,4,5,4,7,6,4,4,6,6,4,4,4,4,4,NA,NA,NA,NA,NA
304785423,100,43,1,10,1,NA,1,5,7,7,7,7,6,7,7,7,6,5,6,6,6,2,1,1,2,1,7,1,7,7,7,7,7,7,4,6,7,7,7,1,1,1,7,7,2,5,2
449081435,100,20,1,6,1,NA,2,4,5,5,5,5,5,5,6,6,NA,NA,NA,NA,NA,NA,NA,NA,NA,NA,6,4,6,7,6,5,4,4,5,5,5,4,6,2,2,3,NA,NA,NA,NA,NA
150941606,3,NA,NA,NA,NA,NA,NA,NA,NA,NA,NA,NA,NA,NA,NA,NA,NA,NA,NA,NA,NA,NA,NA,NA,NA,NA,NA,NA,NA,NA,NA,NA,NA,NA,NA,NA,NA,NA,NA,NA,NA,NA,NA,NA,NA,NA,NA
559891095,3,NA,NA,NA,NA,NA,NA,NA,NA,NA,NA,NA,NA,NA,NA,NA,NA,NA,NA,NA,NA,NA,NA,NA,NA,NA,NA,NA,NA,NA,NA,NA,NA,NA,NA,NA,NA,NA,NA,NA,NA,NA,NA,NA,NA,NA,NA
193395599,100,19,2,13,1,NA,1,5,5,5,5,7,7,7,7,7,NA,NA,NA,NA,NA,NA,NA,NA,NA,NA,7,1,7,7,7,6,6,6,6,6,6,6,5,1,2,1,NA,NA,NA,NA,NA
747824796,100,18,2,12,3,NA,1,5,4,5,4,5,4,6,6,6,5,6,6,6,7,3,3,1,6,1,5,1,6,6,7,6,7,5,4,3,6,4,5,5,4,1,4,7,1,5,1
983107381,100,21,2,10,1,NA,1,5,6,5,6,6,4,7,7,7,5,4,4,4,4,1,1,1,1,1,7,2,6,7,7,6,5,3,3,4,3,7,7,1,1,1,7,7,2,3,4
484046011,100,22,2,5,3,NA,1,5,7,7,7,7,5,7,6,6,NA,NA,NA,NA,NA,NA,NA,NA,NA,NA,4,2,4,7,6,7,7,5,4,5,7,3,4,5,1,4,NA,NA,NA,NA,NA
752555687,100,21,2,10,1,NA,2,4,5,4,7,7,4,7,5,7,5,5,5,5,5,1,1,1,5,1,5,4,6,6,5,7,2,2,2,5,7,5,5,2,4,1,7,7,2,4,2
4437684,100,20,2,12,1,NA,2,4,6,6,7,7,6,7,7,7,5,5,6,6,6,1,1,1,1,1,7,1,7,7,7,6,7,6,4,7,7,5,5,2,1,1,7,7,1,4,1
303365154,100,22,1,12,2,10,3,3,2,2,6,1,1,5,4,2,4,3,3,4,3,4,5,4,5,4,3,6,4,2,1,5,3,3,1,1,2,4,3,3,4,4,6,6,3,3,3
23210218,100,23,2,1,1,NA,3,5,5,7,7,7,5,6,4,7,NA,NA,NA,NA,NA,NA,NA,NA,NA,NA,7,4,4,5,7,6,5,1,7,7,5,6,6,2,1,3,NA,NA,NA,NA,NA
482171151,100,21,2,10,1,NA,1,5,6,7,7,6,5,5,5,6,4,5,6,5,5,2,2,2,2,2,7,1,6,7,6,6,6,6,4,4,5,6,6,1,1,2,6,7,2,4,3
973631110,100,21,2,8,1,NA,1,5,4,3,4,1,1,5,2,4,NA,NA,NA,NA,NA,NA,NA,NA,NA,NA,7,3,6,7,7,7,7,7,7,4,7,3,3,4,4,2,NA,NA,NA,NA,NA
184464472,100,22,2,8,3,NA,2,3,5,6,6,7,5,6,7,7,NA,NA,NA,NA,NA,NA,NA,NA,NA,NA,7,1,4,7,7,7,3,2,4,4,4,6,6,1,1,2,NA,NA,NA,NA,NA
285418791,73,26,2,12,2,19,1,5,4,4,4,5,7,7,7,7,NA,NA,NA,NA,NA,NA,NA,NA,NA,NA,4,1,5,7,7,7,7,7,7,5,7,NA,NA,NA,NA,NA,NA,NA,NA,NA,NA
275837938,100,21,2,10,1,NA,1,5,6,5,7,7,6,6,7,7,3,4,3,3,3,4,5,2,5,1,7,2,7,7,7,7,5,7,7,5,5,7,7,1,1,1,7,7,1,4,3
425132722,23,19,2,13,1,NA,NA,NA,NA,NA,NA,NA,NA,NA,NA,NA,NA,NA,NA,NA,NA,NA,NA,NA,NA,NA,NA,NA,NA,NA,NA,NA,NA,NA,NA,NA,NA,NA,NA,NA,NA,NA,NA,NA,NA,NA,NA
573417837,100,18,2,3,1,NA,3,4,4,4,7,4,3,7,7,7,NA,NA,NA,NA,NA,NA,NA,NA,NA,NA,7,1,4,6,7,7,7,7,4,4,7,4,6,1,1,1,NA,NA,NA,NA,NA
470306024,100,21,2,10,1,NA,1,5,7,7,7,4,4,7,7,7,5,5,6,5,6,3,1,1,1,1,7,1,6,7,6,7,7,5,7,7,7,7,7,1,1,1,7,7,1,5,1
853032069,100,20,2,10,1,NA,3,3,5,5,5,5,4,7,6,6,4,2,5,1,4,1,2,2,4,2,6,2,6,6,6,7,3,4,6,3,4,5,5,2,2,1,6,6,3,2,2
156370547,100,23,1,1,1,NA,1,5,6,6,6,4,2,4,7,7,NA,NA,NA,NA,NA,NA,NA,NA,NA,NA,7,1,6,7,4,7,1,7,7,7,6,3,4,1,4,6,NA,NA,NA,NA,NA
704430358,48,18,2,1,1,NA,NA,NA,6,6,6,6,2,4,6,7,NA,NA,NA,NA,NA,NA,NA,NA,NA,NA,NA,NA,NA,NA,NA,5,7,5,3,6,2,NA,NA,NA,NA,NA,NA,NA,NA,NA,NA
979286022,9,27,1,13,2,NA,NA,NA,NA,NA,NA,NA,NA,NA,NA,NA,NA,NA,NA,NA,NA,NA,NA,NA,NA,NA,NA,NA,NA,NA,NA,NA,NA,NA,NA,NA,NA,NA,NA,NA,NA,NA,NA,NA,NA,NA,NA
812708109,100,29,2,10,1,NA,1,5,6,6,6,4,4,7,4,7,6,6,6,4,5,1,2,1,2,1,7,2,7,7,7,7,6,6,5,7,5,7,6,1,1,1,7,7,1,5,3
810294992,3,NA,NA,NA,NA,NA,NA,NA,NA,NA,NA,NA,NA,NA,NA,NA,NA,NA,NA,NA,NA,NA,NA,NA,NA,NA,NA,NA,NA,NA,NA,NA,NA,NA,NA,NA,NA,NA,NA,NA,NA,NA,NA,NA,NA,NA,NA
352394337,100,19,2,14,1,NA,2,4,6,7,6,7,7,7,7,7,NA,NA,NA,NA,NA,NA,NA,NA,NA,NA,5,1,5,6,7,7,7,7,7,7,7,5,7,1,2,5,NA,NA,NA,NA,NA
785480625,4,NA,NA,NA,NA,NA,NA,NA,NA,NA,NA,NA,NA,NA,NA,NA,NA,NA,NA,NA,NA,NA,NA,NA,NA,NA,NA,NA,NA,NA,NA,NA,NA,NA,NA,NA,NA,NA,NA,NA,NA,NA,NA,NA,NA,NA,NA
66449248,3,NA,NA,NA,NA,NA,NA,NA,NA,NA,NA,NA,NA,NA,NA,NA,NA,NA,NA,NA,NA,NA,NA,NA,NA,NA,NA,NA,NA,NA,NA,NA,NA,NA,NA,NA,NA,NA,NA,NA,NA,NA,NA,NA,NA,NA,NA
802965735,83,20,2,8,3,NA,2,4,3,3,5,5,4,6,3,5,NA,NA,NA,NA,NA,NA,NA,NA,NA,NA,7,3,6,7,5,7,7,3,6,5,7,NA,NA,NA,NA,NA,NA,NA,NA,NA,NA
669716865,100,19,2,2,1,NA,1,5,6,6,6,7,4,7,7,7,NA,NA,NA,NA,NA,NA,NA,NA,NA,NA,7,2,6,7,7,7,7,7,7,6,3,6,5,2,6,4,NA,NA,NA,NA,NA
174940727,42,NA,NA,NA,NA,NA,NA,NA,NA,NA,NA,NA,NA,NA,NA,NA,NA,NA,NA,NA,NA,NA,NA,NA,NA,NA,NA,NA,NA,NA,NA,NA,NA,NA,NA,NA,NA,NA,NA,NA,NA,NA,NA,NA,NA,NA,NA
260484867,4,NA,NA,NA,NA,NA,NA,NA,NA,NA,NA,NA,NA,NA,NA,NA,NA,NA,NA,NA,NA,NA,NA,NA,NA,NA,NA,NA,NA,NA,NA,NA,NA,NA,NA,NA,NA,NA,NA,NA,NA,NA,NA,NA,NA,NA,NA
243806351,4,NA,NA,NA,NA,NA,NA,NA,NA,NA,NA,NA,NA,NA,NA,NA,NA,NA,NA,NA,NA,NA,NA,NA,NA,NA,NA,NA,NA,NA,NA,NA,NA,NA,NA,NA,NA,NA,NA,NA,NA,NA,NA,NA,NA,NA,NA
465599952,100,21,2,13,1,NA,2,5,5,6,6,6,5,6,6,6,NA,NA,NA,NA,NA,NA,NA,NA,NA,NA,5,4,6,5,6,7,6,6,5,6,7,4,4,3,2,1,NA,NA,NA,NA,NA
419029403,48,50,2,10,1,NA,NA,NA,3,4,6,5,4,6,6,4,NA,NA,NA,NA,NA,NA,NA,NA,NA,NA,NA,NA,NA,NA,NA,6,1,6,6,5,6,NA,NA,NA,NA,NA,NA,NA,NA,NA,NA
337181948,96,22,1,13,1,NA,2,4,3,3,6,7,5,5,3,6,NA,NA,NA,NA,NA,NA,NA,NA,NA,NA,7,3,7,7,7,7,5,2,4,3,7,4,4,1,3,4,NA,NA,NA,NA,NA
746415671,42,21,2,12,3,NA,NA,NA,NA,NA,NA,NA,NA,NA,NA,NA,NA,NA,NA,NA,NA,NA,NA,NA,NA,NA,NA,NA,NA,NA,NA,7,6,7,5,7,7,NA,NA,NA,NA,NA,NA,NA,NA,NA,NA
665412491,73,34,2,10,1,NA,3,3,5,5,6,6,4,6,6,6,NA,NA,NA,NA,NA,NA,NA,NA,NA,NA,6,2,5,7,6,7,6,5,6,4,5,NA,NA,NA,NA,NA,NA,NA,NA,NA,NA
875222588,33,22,2,3,2,10,NA,NA,NA,NA,NA,NA,NA,NA,NA,NA,NA,NA,NA,NA,NA,NA,NA,NA,NA,NA,NA,NA,NA,NA,NA,NA,NA,NA,NA,NA,NA,NA,NA,NA,NA,NA,NA,NA,NA,NA,NA
782951720,23,23,2,14,1,NA,NA,NA,NA,NA,NA,NA,NA,NA,NA,NA,NA,NA,NA,NA,NA,NA,NA,NA,NA,NA,NA,NA,NA,NA,NA,NA,NA,NA,NA,NA,NA,NA,NA,NA,NA,NA,NA,NA,NA,NA,NA
633855928,1,NA,NA,NA,NA,NA,NA,NA,NA,NA,NA,NA,NA,NA,NA,NA,NA,NA,NA,NA,NA,NA,NA,NA,NA,NA,NA,NA,NA,NA,NA,NA,NA,NA,NA,NA,NA,NA,NA,NA,NA,NA,NA,NA,NA,NA,NA
152779594,48,NA,NA,NA,NA,NA,NA,NA,NA,NA,NA,NA,NA,NA,NA,NA,NA,NA,NA,NA,NA,NA,NA,NA,NA,NA,NA,NA,NA,NA,NA,NA,NA,NA,NA,NA,NA,NA,NA,NA,NA,NA,NA,NA,NA,NA,NA
609108422,100,22,2,10,1,NA,1,5,5,4,7,4,4,4,4,5,3,3,1,3,2,5,5,6,6,6,6,5,7,6,5,5,4,5,3,4,6,5,2,3,3,2,6,6,5,1,5
381284834,98,19,2,8,1,NA,1,5,7,7,7,7,7,7,7,7,NA,NA,NA,NA,NA,NA,NA,NA,NA,NA,7,1,6,7,7,4,6,5,7,7,6,4,4,3,4,2,NA,NA,NA,NA,NA
11802537,31,19,2,2,1,NA,NA,NA,NA,NA,NA,NA,NA,NA,NA,NA,NA,NA,NA,NA,NA,NA,NA,NA,NA,NA,NA,NA,NA,NA,NA,NA,NA,NA,NA,NA,NA,NA,NA,NA,NA,NA,NA,NA,NA,NA,NA
174531192,38,21,2,10,1,NA,NA,NA,NA,NA,NA,NA,NA,NA,NA,NA,NA,NA,NA,NA,NA,NA,NA,NA,NA,NA,NA,NA,NA,NA,NA,NA,NA,NA,NA,NA,NA,NA,NA,NA,NA,NA,NA,NA,NA,NA,NA
619536,110,38,2,8,2,27,2,3,4,4,5,5,5,6,5,4,NA,NA,NA,NA,NA,NA,NA,NA,NA,NA,6,4,6,6,6,7,7,7,3,7,7,2,6,3,2,2,NA,NA,NA,NA,NA
548419,110,19,2,10,1,NA,2,4,5,5,4,5,4,5,5,5,6,1,5,5,6,2,5,1,3,1,6,3,6,6,5,6,3,2,3,2,6,4,4,3,4,4,4,4,4,2,4
625836,110,19,2,10,1,NA,3,3,5,6,6,6,5,5,6,6,4,4,4,NA,3,2,2,2,2,2,5,4,6,5,5,7,4,3,4,4,5,4,6,2,3,3,4,6,3,4,2
178523,110,18,2,10,1,NA,1,5,6,6,3,4,4,6,7,5,5,7,7,3,3,2,2,4,5,1,7,2,7,6,7,6,5,5,4,4,6,5,4,2,2,1,7,7,2,2,2
833274,110,19,2,10,1,NA,1,5,4,3,6,6,3,7,7,4,7,7,7,7,7,2,1,2,2,1,5,1,7,7,7,7,7,7,7,7,7,5,5,3,3,2,6,7,1,5,1
289442,110,18,2,12,3,NA,5,5,6,6,5,5,4,7,1,5,5,6,6,6,5,2,4,2,6,1,6,6,5,7,7,7,2,2,3,3,7,5,5,3,7,5,4,7,2,4,1
173565,110,18,2,1,10,NA,1,5,5,5,5,2,4,7,6,4,5,NA,6,5,5,1,1,NA,2,1,7,1,5,6,5,7,3,3,3,NA,NA,5,5,1,1,1,5,5,2,4,2
530704,110,19,2,10,1,NA,NA,NA,4,4,4,4,4,6,6,5,NA,NA,NA,NA,NA,NA,NA,NA,NA,NA,4,2,NA,NA,4,6,6,6,5,5,3,NA,6,2,NA,1,5,5,3,3,2
918027,110,19,2,10,1,NA,3,3,4,5,6,4,3,5,5,6,4,5,6,6,5,1,1,1,5,2,5,2,6,5,5,6,6,4,4,5,6,4,4,5,4,4,4,4,3,3,3
235325,110,19,2,12,1,NA,1,5,6,7,NA,4,1,6,2,7,NA,NA,NA,NA,NA,NA,NA,NA,NA,NA,2,4,4,4,4,7,7,7,5,7,7,3,3,2,1,3,NA,NA,NA,NA,NA
996,110,18,2,12,1,NA,3,3,6,7,6,4,1,2,1,5,NA,NA,NA,NA,NA,NA,NA,NA,NA,NA,4,1,2,4,3,7,7,5,6,7,1,6,3,1,1,1,NA,NA,NA,NA,NA
61146,110,18,2,10,1,NA,2,4,5,6,6,5,4,5,5,4,2,2,2,5,4,2,2,1,3,2,4,5,5,3,5,4,6,4,2,2,2,4,4,2,3,2,2,3,2,2,3
831988,110,19,2,10,1,NA,2,4,2,2,3,4,4,4,4,4,3,1,5,5,5,3,1,1,1,2,5,4,2,4,4,5,7,7,7,7,7,5,5,1,3,2,3,5,3,4,2
546965,110,18,2,10,1,NA,2,4,5,4,5,5,4,5,6,6,3,3,2,2,2,2,2,5,5,1,5,6,5,4,4,5,6,4,5,6,3,4,4,4,5,3,4,5,5,2,4
488960,110,18,2,10,1,NA,3,3,4,3,3,5,4,4,4,5,2,5,4,4,3,3,4,5,6,5,4,3,4,4,5,7,7,7,7,6,5,4,4,3,3,3,5,6,3,3,4
626014,110,18,2,10,1,NA,3,3,5,5,5,6,4,6,6,7,1,2,4,2,2,2,2,3,2,1,4,3,5,4,5,6,4,3,5,4,3,3,5,3,3,2,4,5,3,3,3
709391,110,19,1,10,1,NA,3,3,4,4,3,2,2,5,4,4,3,2,3,2,2,1,1,1,1,1,5,4,4,5,4,5,6,4,3,4,2,4,4,3,2,3,4,5,2,4,2
908694,110,18,2,14,1,NA,1,4,4,5,6,7,4,7,7,6,NA,NA,NA,NA,NA,NA,NA,NA,NA,NA,6,1,6,7,6,7,4,4,7,7,6,3,4,2,4,4,NA,NA,NA,NA,NA
470529,110,18,2,10,1,NA,2,4,4,5,3,3,3,5,6,4,3,1,3,2,2,1,1,1,1,1,4,3,4,5,5,4,1,1,1,2,3,3,2,3,4,2,5,5,4,3,4
313710,110,19,2,10,1,NA,1,5,6,6,2,5,4,1,6,7,6,6,6,6,6,1,1,1,2,1,6,3,7,7,6,7,6,5,3,4,6,4,6,4,4,1,5,6,1,5,1
31514,110,21,2,3,3,NA,2,5,5,6,7,7,2,6,7,7,NA,NA,NA,NA,NA,NA,NA,NA,NA,NA,7,3,6,5,5,7,7,7,7,7,3,NA,NA,NA,NA,NA,NA,NA,NA,NA,NA
327123,110,20,2,3,3,NA,1,5,6,6,7,7,4,6,5,7,NA,NA,NA,NA,NA,NA,NA,NA,NA,NA,6,1,7,7,6,7,7,7,1,7,7,NA,NA,NA,NA,NA,NA,NA,NA,NA,NA
366835,110,19,2,1,1,NA,1,5,7,7,7,7,4,6,5,7,NA,NA,NA,NA,NA,NA,NA,NA,NA,NA,NA,NA,NA,NA,NA,7,5,5,7,3,4,NA,NA,NA,NA,NA,NA,NA,NA,NA,NA
482985,110,19,2,13,1,NA,NA,NA,7,7,4,7,6,7,7,7,NA,NA,NA,NA,NA,NA,NA,NA,NA,NA,7,2,4,7,4,NA,NA,NA,NA,NA,NA,NA,NA,NA,NA,NA,NA,NA,NA,NA,NA
489875,110,19,2,3,1,NA,2,5,7,7,5,4,1,7,7,7,NA,NA,NA,NA,NA,NA,NA,NA,NA,NA,6,1,4,7,6,4,7,7,6,4,5,4,5,4,2,2,NA,NA,NA,NA,NA
575290,110,19,2,10,1,NA,3,3,5,5,5,4,3,4,4,5,4,5,4,3,4,1,2,1,4,1,5,3,3,5,5,5,2,2,3,4,3,4,4,4,2,2,4,6,5,3,4
32845,110,21,2,10,1,NA,1,5,7,5,7,7,7,7,7,7,3,3,4,2,2,1,2,1,1,1,7,1,7,5,7,7,5,5,1,1,5,6,7,1,1,1,7,7,1,4,2
958864,110,21,2,12,3,NA,1,5,7,7,7,4,4,6,5,7,2,2,4,1,2,1,1,1,1,1,4,5,4,5,5,7,7,7,5,7,7,7,5,1,2,2,4,7,3,3,4
748253,110,24,2,10,1,NA,3,3,3,5,7,2,2,7,5,5,1,1,1,1,1,1,1,1,1,1,5,1,7,4,5,3,3,3,4,4,1,3,3,3,3,3,2,2,1,3,1
170618,110,18,2,10,1,NA,3,3,4,4,2,3,3,3,4,6,2,1,3,3,3,1,1,1,2,1,4,4,3,3,3,3,2,2,3,4,3,4,5,2,4,3,3,6,4,2,3
992783,110,19,2,10,1,NA,3,3,2,4,3,5,3,5,5,5,2,2,2,1,2,1,1,1,1,1,5,2,4,5,3,5,2,2,3,3,5,3,5,4,5,4,5,6,3,3,2
136409,110,19,1,10,1,NA,3,3,4,4,5,4,4,4,4,4,2,5,5,4,5,1,1,5,5,6,6,5,4,6,6,3,3,3,3,3,3,1,1,NA,NA,4,4,5,2,4,2
252866,110,18,2,10,1,NA,2,4,4,4,5,4,3,4,5,6,2,2,2,2,2,2,2,2,2,2,3,3,3,3,3,2,1,1,2,2,1,5,3,3,4,1,5,5,4,4,5
627417,110,20,1,12,2,16,3,3,5,4,5,2,2,6,6,5,4,3,5,5,5,1,1,1,3,1,6,5,5,4,5,7,4,5,7,7,7,4,4,3,4,4,4,5,3,2,3
742833,110,21,2,10,1,NA,2,4,5,5,6,6,6,6,6,6,6,6,6,6,5,2,1,4,4,1,7,3,6,6,6,7,6,6,5,3,2,5,5,2,2,2,6,6,2,4,2
856249,110,18,2,10,1,NA,2,4,5,5,5,4,3,4,4,4,4,4,3,3,3,5,5,5,6,4,3,5,6,5,3,6,6,5,5,3,3,5,6,1,2,3,3,4,3,2,4
679973,110,19,2,10,1,NA,1,5,2,2,4,5,1,4,4,5,6,4,4,3,3,4,3,4,7,3,4,4,4,4,4,6,4,4,5,4,5,2,2,5,6,4,6,7,4,3,4
334942,110,20,2,12,2,8,NA,4,5,5,4,4,4,6,2,5,5,2,4,4,4,4,4,3,5,1,6,2,5,6,6,5,6,6,4,4,5,6,3,3,2,2,6,6,3,3,4
652691,110,18,2,10,1,NA,1,5,4,4,5,5,5,5,6,6,5,5,5,5,5,1,1,1,2,1,6,2,4,4,6,4,3,3,3,4,4,5,5,3,2,3,6,7,1,5,1
223649,110,19,1,10,1,NA,3,3,4,5,4,4,2,4,4,5,2,5,4,4,4,4,4,3,3,2,3,5,NA,4,3,4,5,4,3,2,2,5,5,3,5,4,2,4,4,4,4
989358,110,18,2,10,1,NA,1,5,7,7,5,4,4,4,4,4,7,7,7,7,7,1,1,1,1,1,6,1,7,7,7,7,7,7,1,1,1,4,4,4,4,4,4,4,1,5,1
394095,110,22,2,10,1,NA,1,5,6,7,7,7,4,7,7,7,7,3,6,6,7,1,1,1,1,1,7,1,7,7,7,7,7,7,7,7,6,7,7,1,1,1,5,7,1,5,1
914216,110,19,2,10,1,NA,3,3,4,4,6,3,2,4,4,4,4,4,4,4,4,4,4,4,4,4,5,3,3,5,5,3,1,1,4,4,1,3,4,3,4,3,5,6,2,3,3
243458,110,19,2,10,1,NA,1,5,6,6,1,6,3,7,7,7,6,2,6,6,7,4,4,3,2,2,7,2,5,6,6,7,7,7,7,2,7,5,7,1,4,1,7,7,2,4,2
550511,110,18,2,8,1,NA,1,5,6,6,6,6,6,6,5,7,NA,NA,NA,NA,NA,NA,NA,NA,NA,NA,6,2,5,6,6,7,4,5,4,6,2,5,6,3,5,3,NA,NA,NA,NA,NA
782913,110,19,1,10,1,NA,2,4,5,5,4,4,2,4,5,6,5,4,4,3,4,4,3,3,3,1,7,3,4,7,6,3,4,4,6,3,1,5,5,1,2,1,1,2,3,2,3
11962,110,19,2,10,1,NA,1,5,5,5,6,6,5,6,6,7,1,6,6,6,5,1,2,1,1,1,6,3,5,6,6,5,3,3,6,4,6,4,3,2,3,3,5,7,2,3,3
607459,110,18,2,11,1,NA,1,5,5,4,5,3,4,5,5,4,7,6,6,6,6,1,1,1,1,1,6,2,4,4,5,6,6,5,3,3,5,5,3,5,3,2,7,7,1,5,1
431106,110,19,2,10,1,NA,3,3,5,6,4,4,4,3,4,5,4,4,5,4,4,5,4,5,6,5,5,4,5,4,4,5,3,3,3,4,4,5,4,3,4,3,4,4,3,3,4
970113,110,18,2,10,1,NA,3,3,6,6,4,6,3,7,6,6,3,3,3,3,3,4,5,4,3,3,6,6,6,6,6,5,5,4,5,5,3,6,6,1,2,2,4,4,1,4,1
275539,110,35,2,10,1,NA,1,5,4,5,6,5,3,6,6,3,1,1,1,1,1,1,1,1,1,1,6,2,5,5,5,6,6,2,6,4,4,2,2,3,2,2,6,6,3,3,3
305347,110,20,2,10,1,NA,3,3,6,6,6,6,3,4,5,5,3,1,7,7,7,3,1,1,1,1,4,1,4,4,3,7,7,7,5,7,5,5,5,2,7,1,5,5,3,3,3
511237,110,19,2,10,1,NA,2,4,5,5,4,5,4,4,4,5,NA,NA,NA,NA,NA,NA,NA,NA,NA,NA,6,2,6,6,7,7,5,4,5,5,5,4,2,2,1,2,4,6,3,3,3
478556,110,19,2,10,1,NA,3,3,4,5,4,4,4,4,5,5,3,1,5,4,5,1,1,1,2,1,4,4,5,4,4,7,3,3,5,2,5,4,3,5,4,2,6,6,2,4,4
506243,110,21,2,10,1,NA,3,3,7,7,7,4,4,7,7,7,3,4,3,4,2,4,5,5,5,3,3,4,4,4,7,7,7,7,1,1,1,5,1,3,4,1,3,3,1,5,1
535891,110,19,2,10,1,NA,3,3,6,6,6,6,6,5,6,6,5,5,5,5,5,1,1,2,3,2,7,1,6,7,6,6,5,5,2,3,6,6,5,1,2,2,5,6,3,2,3
422166,110,19,1,10,1,NA,2,4,5,5,4,6,5,6,5,7,3,3,3,3,3,3,3,3,3,3,6,2,6,7,6,6,5,2,5,6,1,5,5,3,4,4,5,6,4,3,4
607507,110,20,2,10,1,NA,1,5,7,7,3,3,7,7,7,7,4,4,4,4,4,1,1,4,1,1,4,4,NA,6,6,7,1,1,1,3,3,4,6,1,5,2,4,7,1,5,1
689787,110,19,2,10,1,NA,1,5,4,4,5,5,NA,NA,5,6,5,6,6,6,4,3,1,1,1,1,5,NA,6,NA,NA,6,6,5,6,6,4,NA,NA,NA,NA,NA,5,6,2,4,2
41643,110,35,2,10,1,NA,1,5,5,5,7,7,2,6,6,7,5,5,4,4,4,6,6,6,5,6,NA,NA,NA,NA,6,7,7,6,1,2,7,7,6,1,1,1,7,7,1,4,3
196876,110,20,2,10,1,NA,2,4,6,6,2,5,2,5,6,7,1,1,1,1,1,1,1,1,1,1,4,2,6,4,5,7,7,7,7,6,4,4,6,1,7,3,7,7,1,4,1
709272,110,18,2,10,1,NA,5,5,6,6,6,3,2,2,6,7,3,5,5,3,3,3,3,3,3,2,5,3,3,5,2,7,6,6,3,3,7,5,5,2,2,5,6,7,1,3,3
72790,110,18,2,10,1,NA,1,5,6,5,6,5,5,6,5,6,5,5,5,5,5,3,4,4,4,4,6,4,5,5,6,6,5,4,2,5,5,4,4,2,4,4,4,5,1,4,1
705238,110,18,2,11,1,NA,1,5,5,5,6,4,6,7,6,7,6,6,6,6,6,3,2,3,2,1,7,1,6,7,7,7,6,6,7,7,7,7,6,3,2,2,7,7,1,4,1
919570,110,18,2,10,1,NA,1,5,7,7,7,7,7,7,7,7,NA,4,4,3,4,1,1,NA,1,1,7,1,7,7,7,7,7,7,7,7,7,7,7,1,1,1,7,7,1,5,1
736375,110,18,2,1,1,NA,1,5,4,5,7,7,4,7,7,7,NA,NA,NA,NA,NA,NA,NA,NA,NA,NA,6,2,7,7,7,7,6,4,1,2,6,5,7,3,1,1,NA,NA,NA,NA,NA
744807,110,20,2,1,1,NA,NA,4,7,7,7,7,5,7,6,7,NA,NA,NA,NA,NA,NA,NA,NA,NA,NA,7,NA,7,7,4,4,4,4,4,4,4,NA,NA,NA,NA,NA,NA,NA,NA,NA,NA
909814,110,25,2,10,1,NA,3,3,2,2,1,4,5,5,7,7,1,1,1,1,1,1,1,1,1,1,5,2,2,3,5,4,2,2,1,1,1,4,4,1,4,1,3,3,2,2,2
